Topic ID,Model,Rank,Discussion ID,Argument ID
10,DPH,0,15859,4
10,DPH,1,33373,6
10,DPH,10,35082,6
10,DPH,11,35082,1
13,DPH,0,15780,3
13,DPH,1,76,1
13,DPH,2,16132,10
13,DPH,3,27248,1
13,DPH,4,31934,2
13,DPH,5,25406,2
13,DPH,6,14866,3
13,DPH,7,17839,1
13,DPH,8,24960,2
13,DPH,9,15780,2
13,DPH,10,36249,2
13,DPH,11,16132,9
13,DPH,12,29430,4
13,DPH,13,15780,4
13,DPH,14,23952,1
13,DPH,15,40774,3
13,DPH,16,40774,4
13,DPH,17,34972,1
13,DPH,18,29430,9
13,DPH,19,40774,5
13,DPH,20,33106,1
13,DPH,21,28242,2
13,DPH,22,9418,1
13,DPH,23,36249,1
13,DPH,24,1294,16
13,DPH,25,16903,1
13,DPH,26,29430,1
13,DPH,27,9307,18
13,DPH,28,40774,2
13,DPH,29,31311,1
13,DPH,30,4279,3
13,DPH,31,36249,4
13,DPH,32,25406,1
13,DPH,33,16626,12
13,DPH,34,9926,1
13,DPH,35,16132,16
13,DPH,36,32596,2
13,DPH,37,32596,2
13,DPH,38,32596,2
13,DPH,39,9418,10
13,DPH,40,34516,3
13,DPH,41,37288,2
13,DPH,42,36759,1
13,DPH,43,24960,3
13,DPH,44,9418,6
13,DPH,45,29430,5
13,DPH,46,11221,6
13,DPH,47,12226,1
13,DPH,48,25325,6
13,DPH,49,39109,15
15,DPH,0,32569,1
15,DPH,1,1203,8
15,DPH,2,33362,1
15,DPH,3,41457,5
15,DPH,4,31398,10
15,DPH,5,42384,4
15,DPH,6,12755,3
15,DPH,7,12138,2
15,DPH,8,1203,32
15,DPH,9,12138,5
15,DPH,10,1203,13
15,DPH,11,34716,4
15,DPH,12,42384,1
15,DPH,13,8334,6
15,DPH,14,17204,26
15,DPH,15,8334,7
15,DPH,16,35713,2
15,DPH,17,31398,8
15,DPH,18,12755,5
15,DPH,19,35485,9
15,DPH,20,27245,4
15,DPH,21,2239,1
15,DPH,22,28147,4
15,DPH,23,35485,1
15,DPH,24,7862,7
15,DPH,25,1264,5
15,DPH,26,5325,18
15,DPH,27,43662,27
15,DPH,28,40693,2
15,DPH,29,37084,1
15,DPH,30,11192,7
15,DPH,31,41457,2
15,DPH,32,41457,3
15,DPH,33,41457,7
15,DPH,34,34716,6
15,DPH,35,41457,6
15,DPH,36,7862,3
15,DPH,37,8056,2
15,DPH,38,40055,3
15,DPH,39,37074,20
15,DPH,40,307,2
15,DPH,41,19560,2
15,DPH,42,43677,3
15,DPH,43,17961,4
15,DPH,44,22741,1
15,DPH,45,1264,4
15,DPH,46,12138,6
15,DPH,47,17961,1
15,DPH,48,35485,7
15,DPH,49,22188,2
10,DPH,12,28265,2
10,DPH,13,15859,9
10,DPH,14,35082,2
17,DPH,0,21004,4
17,DPH,1,21004,3
17,DPH,2,21004,1
17,DPH,3,38422,18
17,DPH,4,27822,2
17,DPH,5,38422,19
17,DPH,6,8030,4
17,DPH,7,37493,1
17,DPH,8,8201,4
17,DPH,9,19871,1
17,DPH,10,22921,16
17,DPH,11,5236,20
17,DPH,12,17595,1
17,DPH,13,8201,8
17,DPH,14,18095,4
17,DPH,15,38422,2
17,DPH,16,19871,2
17,DPH,17,26632,6
17,DPH,18,22921,14
17,DPH,19,5236,15
17,DPH,20,19871,4
17,DPH,21,30,4
17,DPH,22,24155,4
17,DPH,23,16271,5
17,DPH,24,26605,11
17,DPH,25,33275,1
17,DPH,26,15584,29
17,DPH,27,8880,2
17,DPH,28,21142,4
17,DPH,29,36432,8
17,DPH,30,21142,5
17,DPH,31,39824,1
17,DPH,32,21142,2
17,DPH,33,32182,5
17,DPH,34,19353,2
17,DPH,35,8030,7
17,DPH,36,779,1
17,DPH,37,21049,6
17,DPH,38,36432,4
17,DPH,39,19871,6
17,DPH,40,5236,19
17,DPH,41,5236,14
17,DPH,42,33583,11
17,DPH,43,5236,18
17,DPH,44,36432,9
17,DPH,45,36936,3
17,DPH,46,19353,1
17,DPH,47,27874,6
17,DPH,48,18755,4
17,DPH,49,42668,2
16,DPH,0,8210,25
16,DPH,1,10887,2
16,DPH,2,1280,1
16,DPH,3,4439,13
16,DPH,4,2871,6
16,DPH,5,1280,8
16,DPH,6,14658,1
16,DPH,7,1280,4
16,DPH,8,3447,7
16,DPH,9,40559,3
16,DPH,10,3447,4
16,DPH,11,8210,33
16,DPH,12,4439,5
16,DPH,13,3447,2
16,DPH,14,1280,9
16,DPH,15,3447,5
16,DPH,16,8210,24
16,DPH,17,3447,8
16,DPH,18,42715,1
16,DPH,19,8210,21
16,DPH,20,8210,22
16,DPH,21,10887,6
16,DPH,22,8210,20
16,DPH,23,14658,5
16,DPH,24,14658,3
16,DPH,25,4439,10
16,DPH,26,8210,23
16,DPH,27,42602,7
16,DPH,28,4439,1
16,DPH,29,4439,14
16,DPH,30,4439,3
16,DPH,31,8210,15
16,DPH,32,8210,30
16,DPH,33,19307,8
16,DPH,34,8210,27
16,DPH,35,8210,29
16,DPH,36,22586,5
16,DPH,37,24367,7
16,DPH,38,34935,5
16,DPH,39,37993,10
16,DPH,40,4439,16
16,DPH,41,1280,10
16,DPH,42,32583,1
16,DPH,43,22586,2
16,DPH,44,1280,5
16,DPH,45,3447,10
16,DPH,46,3447,6
16,DPH,47,34551,2
16,DPH,48,34935,1
16,DPH,49,8210,32
10,DPH,15,19652,10
7,DPH,0,25810,3
7,DPH,1,25810,3
7,DPH,2,25810,3
7,DPH,3,26789,5
7,DPH,4,26789,6
7,DPH,5,26789,7
7,DPH,6,26789,3
7,DPH,7,43683,5
7,DPH,8,29042,10
7,DPH,9,30699,1
7,DPH,10,10216,12
7,DPH,11,8930,7
7,DPH,12,24239,4
7,DPH,13,6610,1
7,DPH,14,20895,1
7,DPH,15,42041,24
7,DPH,16,2925,5
7,DPH,17,1603,8
7,DPH,18,40441,4
7,DPH,19,8930,2
7,DPH,20,30320,8
7,DPH,21,995,4
7,DPH,22,995,5
7,DPH,23,14483,1
7,DPH,24,14483,1
7,DPH,25,14483,1
7,DPH,26,14483,1
7,DPH,27,14483,1
7,DPH,28,42041,19
7,DPH,29,2925,4
7,DPH,30,39228,1
7,DPH,31,995,8
7,DPH,32,995,9
7,DPH,33,995,10
7,DPH,34,31950,1
7,DPH,35,22556,1
7,DPH,36,7698,1
7,DPH,37,37446,5
7,DPH,38,1603,5
7,DPH,39,42399,13
7,DPH,40,42041,20
7,DPH,41,18898,7
7,DPH,42,38188,37
7,DPH,43,30320,1
7,DPH,44,29246,3
7,DPH,45,10831,4
7,DPH,46,31391,2
7,DPH,47,36289,10
7,DPH,48,34104,11
7,DPH,49,40990,3
8,DPH,0,35914,15
8,DPH,1,35914,18
8,DPH,2,35914,24
8,DPH,3,30807,25
8,DPH,4,35914,20
8,DPH,5,35914,21
8,DPH,6,35914,12
8,DPH,7,35914,16
8,DPH,8,35914,30
8,DPH,9,20775,10
8,DPH,10,8573,20
8,DPH,11,19715,13
8,DPH,12,35914,22
8,DPH,13,35914,13
8,DPH,14,29852,15
8,DPH,15,35914,4
8,DPH,16,35914,7
8,DPH,17,35914,6
8,DPH,18,35914,5
8,DPH,19,35914,10
8,DPH,20,3224,9
8,DPH,21,13303,10
8,DPH,22,30807,17
8,DPH,23,33497,1
8,DPH,24,34220,1
8,DPH,25,29852,27
8,DPH,26,25245,1
8,DPH,27,19296,1
8,DPH,28,9841,26
8,DPH,29,35914,23
8,DPH,30,22835,5
8,DPH,31,31181,5
8,DPH,32,30320,8
8,DPH,33,14909,2
8,DPH,34,32256,9
8,DPH,35,13815,1
8,DPH,36,20269,7
8,DPH,37,42587,1
8,DPH,38,9946,6
8,DPH,39,9946,6
8,DPH,40,9946,6
8,DPH,41,34872,8
8,DPH,42,41473,1
8,DPH,43,20534,1
8,DPH,44,40698,11
8,DPH,45,9567,4
8,DPH,46,21938,2
8,DPH,47,3224,11
8,DPH,48,25119,2
8,DPH,49,1350,2
10,DPH,16,33373,7
20,DPH,0,25908,16
20,DPH,1,25908,10
20,DPH,2,25908,15
20,DPH,3,25908,18
20,DPH,4,30506,4
20,DPH,5,40525,26
20,DPH,6,40525,2
20,DPH,7,40525,32
20,DPH,8,25908,11
20,DPH,9,40525,4
20,DPH,10,40525,36
20,DPH,11,40525,14
20,DPH,12,40525,1
20,DPH,13,40525,3
20,DPH,14,40525,13
20,DPH,15,40525,20
20,DPH,16,40525,25
20,DPH,17,40525,10
20,DPH,18,40525,16
20,DPH,19,40525,21
20,DPH,20,40525,9
20,DPH,21,40525,28
20,DPH,22,40525,33
20,DPH,23,40525,22
20,DPH,24,40525,15
20,DPH,25,40525,17
20,DPH,26,40525,19
20,DPH,27,40525,23
20,DPH,28,40525,24
20,DPH,29,40525,27
20,DPH,30,40525,6
20,DPH,31,40525,8
20,DPH,32,25908,2
20,DPH,33,40525,18
20,DPH,34,40525,5
20,DPH,35,40525,12
20,DPH,36,40525,31
20,DPH,37,40525,34
20,DPH,38,40525,35
20,DPH,39,40525,7
20,DPH,40,40525,29
20,DPH,41,40525,30
20,DPH,42,40525,11
20,DPH,43,25908,7
20,DPH,44,9577,18
20,DPH,45,37038,22
20,DPH,46,41287,7
20,DPH,47,21881,9
20,DPH,48,27244,20
20,DPH,49,24629,1
10,DPH,17,17781,5
18,DPH,0,15398,3
18,DPH,1,39644,2
18,DPH,2,17796,2
18,DPH,3,21535,5
18,DPH,4,19759,6
18,DPH,5,17796,7
18,DPH,6,21535,4
18,DPH,7,16193,4
18,DPH,8,13338,1
18,DPH,9,36908,5
18,DPH,10,36008,2
18,DPH,11,13462,1
18,DPH,12,36520,5
18,DPH,13,31612,3
18,DPH,14,31601,1
18,DPH,15,10321,2
18,DPH,16,10672,2
18,DPH,17,29455,3
18,DPH,18,39952,21
18,DPH,19,43509,4
18,DPH,20,19565,1
18,DPH,21,17796,10
18,DPH,22,42643,2
18,DPH,23,30436,3
18,DPH,24,3842,1
18,DPH,25,3371,3
18,DPH,26,17796,1
18,DPH,27,17796,3
18,DPH,28,37002,1
18,DPH,29,37002,2
18,DPH,30,23425,1
18,DPH,31,614,3
18,DPH,32,16238,8
18,DPH,33,9587,1
18,DPH,34,16238,1
18,DPH,35,34176,4
18,DPH,36,25282,3
18,DPH,37,19400,1
18,DPH,38,29153,2
18,DPH,39,30573,1
18,DPH,40,12889,1
18,DPH,41,11314,6
18,DPH,42,35321,1
18,DPH,43,24337,5
18,DPH,44,9276,3
18,DPH,45,43509,1
18,DPH,46,17028,1
18,DPH,47,42021,3
18,DPH,48,3416,4
18,DPH,49,13823,1
10,DPH,18,5777,2
19,DPH,0,3381,6
19,DPH,1,24896,6
19,DPH,2,30100,34
19,DPH,3,33099,3
19,DPH,4,2260,1
19,DPH,5,31328,4
19,DPH,6,3381,2
19,DPH,7,36372,1
19,DPH,8,10609,5
19,DPH,9,23680,1
19,DPH,10,24028,2
19,DPH,11,22936,4
19,DPH,12,16589,2
19,DPH,13,30100,13
19,DPH,14,3381,3
19,DPH,15,25810,4
19,DPH,16,25810,4
19,DPH,17,25810,4
19,DPH,18,23386,6
19,DPH,19,30100,20
19,DPH,20,22395,5
19,DPH,21,24028,3
19,DPH,22,31207,3
19,DPH,23,3000,1
19,DPH,24,4148,6
19,DPH,25,4148,6
19,DPH,26,4148,6
19,DPH,27,23723,1
19,DPH,28,3567,1
19,DPH,29,14987,4
19,DPH,30,4148,8
19,DPH,31,4148,8
19,DPH,32,4148,8
19,DPH,33,35006,9
19,DPH,34,18598,2
19,DPH,35,30100,28
19,DPH,36,24028,5
19,DPH,37,33099,7
19,DPH,38,33828,2
19,DPH,39,23837,16
19,DPH,40,3381,4
19,DPH,41,15983,1
19,DPH,42,3000,5
19,DPH,43,3381,1
19,DPH,44,41745,3
19,DPH,45,9212,5
19,DPH,46,35815,4
19,DPH,47,23644,2
19,DPH,48,43728,6
19,DPH,49,16129,5
9,DPH,0,4954,1
9,DPH,1,3382,1
9,DPH,2,40213,18
9,DPH,3,26941,1
9,DPH,4,35902,5
9,DPH,5,40213,17
9,DPH,6,6310,4
9,DPH,7,26256,1
9,DPH,8,33185,3
9,DPH,9,33185,5
9,DPH,10,9551,5
9,DPH,11,7703,2
9,DPH,12,3382,2
9,DPH,13,33075,18
9,DPH,14,24065,1
9,DPH,15,2381,1
9,DPH,16,24352,1
9,DPH,17,7703,1
9,DPH,18,18518,5
9,DPH,19,24352,5
9,DPH,20,40253,4
9,DPH,21,33185,6
9,DPH,22,24352,2
9,DPH,23,9551,4
9,DPH,24,28718,12
9,DPH,25,42157,3
9,DPH,26,37325,17
9,DPH,27,1662,3
9,DPH,28,14442,2
9,DPH,29,14442,5
9,DPH,30,1662,7
9,DPH,31,11367,2
9,DPH,32,42765,3
9,DPH,33,21908,1
9,DPH,34,24423,2
9,DPH,35,17412,5
9,DPH,36,28718,9
9,DPH,37,33185,2
9,DPH,38,27227,2
9,DPH,39,24136,2
9,DPH,40,2149,25
9,DPH,41,28820,1
9,DPH,42,42765,1
9,DPH,43,30877,17
9,DPH,44,24352,3
9,DPH,45,4964,5
9,DPH,46,4964,10
9,DPH,47,4964,5
9,DPH,48,4964,10
9,DPH,49,24423,5
10,DPH,19,33373,5
10,DPH,2,17781,4
10,DPH,20,380,5
10,DPH,21,33371,6
1,DPH,0,29832,2
1,DPH,1,37069,1
1,DPH,2,11975,1
1,DPH,3,38713,2
1,DPH,4,33824,3
1,DPH,5,38713,1
1,DPH,6,12533,5
1,DPH,7,1602,1
1,DPH,8,43000,3
1,DPH,9,18018,3
1,DPH,10,22408,1
1,DPH,11,38713,3
1,DPH,12,38713,5
1,DPH,13,5739,3
1,DPH,14,5739,3
1,DPH,15,5739,3
1,DPH,16,40873,1
1,DPH,17,26220,1
1,DPH,18,22408,5
1,DPH,19,33824,4
1,DPH,20,18018,2
1,DPH,21,16012,8
1,DPH,22,27832,1
1,DPH,23,13593,2
1,DPH,24,30835,3
1,DPH,25,2675,2
1,DPH,26,43703,2
1,DPH,27,196,1
1,DPH,28,31768,6
1,DPH,29,23541,1
1,DPH,30,6444,5
1,DPH,31,40651,2
1,DPH,32,6454,1
1,DPH,33,9086,5
1,DPH,34,44220,2
1,DPH,35,4851,1
1,DPH,36,22010,2
1,DPH,37,18591,2
1,DPH,38,27510,2
1,DPH,39,514,6
1,DPH,40,1615,3
1,DPH,41,23456,5
1,DPH,42,23456,2
1,DPH,43,29343,1
1,DPH,44,21879,3
1,DPH,45,3432,1
1,DPH,46,43809,4
1,DPH,47,5291,2
1,DPH,48,32364,2
1,DPH,49,10925,5
10,DPH,22,15931,5
10,DPH,23,42123,1
10,DPH,24,39477,2
3,DPH,0,33283,5
3,DPH,1,33283,2
3,DPH,2,4054,2
3,DPH,3,17770,2
3,DPH,4,33283,3
3,DPH,5,4054,1
3,DPH,6,17770,3
3,DPH,7,12726,1
3,DPH,8,12726,4
3,DPH,9,12726,6
3,DPH,10,17770,1
3,DPH,11,2826,5
3,DPH,12,42370,2
3,DPH,13,12726,5
3,DPH,14,35617,41
3,DPH,15,15331,5
3,DPH,16,19998,19
3,DPH,17,19459,1
3,DPH,18,42989,3
3,DPH,19,15836,2
3,DPH,20,31115,6
3,DPH,21,16557,20
3,DPH,22,37455,4
3,DPH,23,16557,21
3,DPH,24,26049,2
3,DPH,25,24320,2
3,DPH,26,18422,30
3,DPH,27,9719,2
3,DPH,28,8154,2
3,DPH,29,8154,2
3,DPH,30,8154,2
3,DPH,31,26671,2
3,DPH,32,19798,2
3,DPH,33,14993,5
3,DPH,34,34626,10
3,DPH,35,15856,23
3,DPH,36,3425,2
3,DPH,37,24492,1
3,DPH,38,30099,4
3,DPH,39,41851,1
3,DPH,40,5119,2
3,DPH,41,35617,47
3,DPH,42,38646,4
3,DPH,43,20726,10
3,DPH,44,36957,1
3,DPH,45,293,14
3,DPH,46,37268,1
3,DPH,47,37268,2
3,DPH,48,6053,3
3,DPH,49,25692,1
2,DPH,0,7048,4
2,DPH,1,7048,7
2,DPH,2,2430,1
2,DPH,3,43496,12
2,DPH,4,12167,7
2,DPH,5,7102,2
2,DPH,6,537,54
2,DPH,7,17295,2
2,DPH,8,5533,3
2,DPH,9,5533,7
2,DPH,10,40287,1
2,DPH,11,33,5
2,DPH,12,537,53
2,DPH,13,43743,1
2,DPH,14,28420,7
2,DPH,15,28420,7
2,DPH,16,4472,1
2,DPH,17,14667,1
2,DPH,18,37168,3
2,DPH,19,17344,1
2,DPH,20,20583,4
2,DPH,21,24852,3
2,DPH,22,32128,1
2,DPH,23,24852,8
2,DPH,24,1151,4
2,DPH,25,1151,6
2,DPH,26,12749,25
2,DPH,27,22177,22
2,DPH,28,43647,3
2,DPH,29,18108,9
2,DPH,30,1151,11
2,DPH,31,1151,15
2,DPH,32,18018,3
2,DPH,33,2300,17
2,DPH,34,63,6
2,DPH,35,40996,14
2,DPH,36,1726,8
2,DPH,37,1726,4
2,DPH,38,1151,10
2,DPH,39,1151,12
2,DPH,40,1151,18
2,DPH,41,37231,5
2,DPH,42,9034,6
2,DPH,43,1151,28
2,DPH,44,29978,11
2,DPH,45,41643,2
2,DPH,46,1058,11
2,DPH,47,42414,12
2,DPH,48,29546,9
2,DPH,49,32845,16
10,DPH,25,33373,10
12,DPH,0,39355,1
10,DirichletLM,0,15859,5
10,DirichletLM,1,23959,1
10,DirichletLM,2,30183,1
10,DirichletLM,3,13557,1
10,DirichletLM,4,28265,3
10,DirichletLM,5,15859,9
10,DirichletLM,6,33750,4
10,DirichletLM,7,13557,2
10,DirichletLM,8,28265,2
10,DirichletLM,9,33371,3
12,DPH,1,5096,2
10,DirichletLM,10,35082,1
10,DirichletLM,11,35082,6
10,DirichletLM,12,5777,2
10,DirichletLM,13,19652,10
10,DirichletLM,14,35082,2
10,DirichletLM,15,32236,9
10,DirichletLM,16,26412,3
10,DirichletLM,17,42123,1
10,DirichletLM,18,15931,5
10,DirichletLM,19,33371,6
12,DPH,2,25519,30
10,DirichletLM,20,33373,5
10,DirichletLM,21,380,5
10,DirichletLM,22,39477,2
10,DirichletLM,23,14506,2
10,DirichletLM,24,28265,1
10,DirichletLM,25,24565,5
10,DirichletLM,26,33373,10
10,DirichletLM,27,19652,1
10,DirichletLM,28,4186,1
10,DirichletLM,29,37174,2
12,DPH,3,40356,2
10,DirichletLM,30,33373,6
10,DirichletLM,31,17781,4
10,DirichletLM,32,33373,8
10,DirichletLM,33,17781,6
10,DirichletLM,34,4718,1
10,DirichletLM,35,28265,6
10,DirichletLM,36,32236,4
10,DirichletLM,37,10611,3
10,DirichletLM,38,39477,1
10,DirichletLM,39,31038,2
12,DPH,4,226,7
10,DirichletLM,40,18344,7
10,DirichletLM,41,31038,6
10,DirichletLM,42,34833,2
10,DirichletLM,43,2889,2
10,DirichletLM,44,7851,1
10,DirichletLM,45,14435,2
10,DirichletLM,46,13538,4
10,DirichletLM,47,33564,4
10,DirichletLM,48,33373,1
10,DirichletLM,49,17781,1
12,DPH,5,30958,20
12,DPH,6,8567,14
12,DPH,7,9008,5
12,DPH,8,226,1
12,DPH,9,14705,3
10,DPH,26,28265,1
12,DPH,10,25519,7
12,DPH,11,9008,2
12,DPH,12,11200,2
12,DPH,13,28724,4
12,DPH,14,21934,2
12,DPH,15,42495,1
12,DPH,16,33953,2
12,DPH,17,33086,1
12,DPH,18,34850,3
12,DPH,19,8567,10
10,DPH,27,24565,5
12,DPH,20,8402,4
12,DPH,21,8402,4
12,DPH,22,8402,4
12,DPH,23,25519,4
12,DPH,24,27972,1
12,DPH,25,25519,19
12,DirichletLM,0,39355,1
12,DirichletLM,1,34136,1
12,DirichletLM,2,1819,18
12,DirichletLM,3,11200,2
12,DirichletLM,4,226,7
12,DirichletLM,5,34850,2
12,DirichletLM,6,15711,5
12,DirichletLM,7,33086,1
12,DirichletLM,8,34850,3
12,DirichletLM,9,8402,4
12,DPH,26,550,1
12,DirichletLM,10,8402,4
12,DirichletLM,11,8402,4
12,DirichletLM,12,11200,1
12,DirichletLM,13,26366,2
12,DirichletLM,14,25519,4
12,DirichletLM,15,34011,5
12,DirichletLM,16,8567,10
12,DirichletLM,17,5150,2
12,DirichletLM,18,28724,4
12,DirichletLM,19,25519,3
12,DPH,27,30716,6
12,DirichletLM,20,21934,2
12,DirichletLM,21,7149,1
12,DirichletLM,22,40356,2
12,DirichletLM,23,34850,5
12,DirichletLM,24,11200,5
12,DirichletLM,25,34850,10
12,DirichletLM,26,11438,1
12,DirichletLM,27,43209,1
12,DirichletLM,28,30958,19
12,DirichletLM,29,5150,4
12,DPH,28,21934,1
12,DirichletLM,30,14705,3
12,DirichletLM,31,33953,2
12,DirichletLM,32,42495,1
12,DirichletLM,33,25519,11
12,DirichletLM,34,33370,1
12,DirichletLM,35,25519,21
12,DirichletLM,36,11647,3
12,DirichletLM,37,463,4
12,DirichletLM,38,38905,23
12,DirichletLM,39,34850,4
12,DPH,29,11438,1
12,DirichletLM,40,42495,5
12,DirichletLM,41,41068,1
12,DirichletLM,42,1819,13
12,DirichletLM,43,5150,3
12,DirichletLM,44,5096,2
12,DirichletLM,45,550,1
12,DirichletLM,46,8567,14
12,DirichletLM,47,9008,5
12,DirichletLM,48,34168,1
12,DirichletLM,49,226,1
10,DPH,28,4186,1
12,DPH,30,25519,21
12,DPH,31,39355,4
12,DPH,32,26366,1
12,DPH,33,3394,4
12,DPH,34,3713,2
12,DPH,35,41068,1
11,DirichletLM,0,26959,1
11,DirichletLM,1,3539,11
11,DirichletLM,2,43829,3
11,DirichletLM,3,32593,14
11,DirichletLM,4,42405,1
11,DirichletLM,5,43342,1
11,DirichletLM,6,39438,2
11,DirichletLM,7,30793,4
11,DirichletLM,8,22423,3
11,DirichletLM,9,22423,6
12,DPH,36,26366,3
11,DirichletLM,10,23789,1
11,DirichletLM,11,10872,6
11,DirichletLM,12,23789,8
11,DirichletLM,13,29416,6
11,DirichletLM,14,3539,8
11,DirichletLM,15,32593,10
11,DirichletLM,16,20786,3
11,DirichletLM,17,13892,2
11,DirichletLM,18,13119,5
11,DirichletLM,19,13119,5
12,DPH,37,30716,1
11,DirichletLM,20,13119,5
11,DirichletLM,21,32880,4
11,DirichletLM,22,13892,7
11,DirichletLM,23,26528,1
11,DirichletLM,24,40069,4
11,DirichletLM,25,3539,14
11,DirichletLM,26,41309,6
11,DirichletLM,27,30330,10
11,DirichletLM,28,20786,5
11,DirichletLM,29,37104,11
12,DPH,38,21934,4
11,DirichletLM,30,43107,4
11,DirichletLM,31,30330,9
11,DirichletLM,32,23533,3
11,DirichletLM,33,43107,5
11,DirichletLM,34,3539,7
11,DirichletLM,35,10958,1
11,DirichletLM,36,13892,1
11,DirichletLM,37,23533,2
11,DirichletLM,38,26186,4
11,DirichletLM,39,8542,1
12,DPH,39,25519,14
11,DirichletLM,40,30330,23
11,DirichletLM,41,32593,18
11,DirichletLM,42,27961,7
11,DirichletLM,43,32725,4
11,DirichletLM,44,17099,18
11,DirichletLM,45,42700,5
11,DirichletLM,46,25366,6
11,DirichletLM,47,16126,1
11,DirichletLM,48,3539,9
11,DirichletLM,49,26959,5
10,DPH,29,4718,1
12,DPH,40,8567,13
12,DPH,41,34168,1
12,DPH,42,1819,18
12,DPH,43,11647,1
12,DPH,44,12310,6
12,DPH,45,34850,2
6,DirichletLM,0,17885,64
6,DirichletLM,1,43194,6
6,DirichletLM,2,28367,6
6,DirichletLM,3,24031,6
6,DirichletLM,4,29702,5
6,DirichletLM,5,10712,3
6,DirichletLM,6,6841,2
6,DirichletLM,7,29822,2
6,DirichletLM,8,42203,3
6,DirichletLM,9,22396,5
12,DPH,46,15711,5
6,DirichletLM,10,21336,3
6,DirichletLM,11,911,3
6,DirichletLM,12,28402,8
6,DirichletLM,13,26089,1
6,DirichletLM,14,9620,3
6,DirichletLM,15,43194,5
6,DirichletLM,16,24031,5
6,DirichletLM,17,10712,1
6,DirichletLM,18,3303,1
6,DirichletLM,19,17885,26
12,DPH,47,21934,10
6,DirichletLM,20,12888,2
6,DirichletLM,21,3344,1
6,DirichletLM,22,3344,1
6,DirichletLM,23,3344,1
6,DirichletLM,24,26089,3
6,DirichletLM,25,4085,6
6,DirichletLM,26,21323,2
6,DirichletLM,27,26089,6
6,DirichletLM,28,43097,6
6,DirichletLM,29,6901,4
12,DPH,48,26366,2
6,DirichletLM,30,3303,5
6,DirichletLM,31,48,1
6,DirichletLM,32,21034,4
6,DirichletLM,33,10712,4
6,DirichletLM,34,29438,2
6,DirichletLM,35,44259,2
6,DirichletLM,36,13443,5
6,DirichletLM,37,26712,7
6,DirichletLM,38,3303,8
6,DirichletLM,39,21034,2
12,DPH,49,11200,1
6,DirichletLM,40,17885,63
6,DirichletLM,41,26786,1
6,DirichletLM,42,22417,3
6,DirichletLM,43,9620,2
6,DirichletLM,44,2865,5
6,DirichletLM,45,5804,6
6,DirichletLM,46,23415,7
6,DirichletLM,47,48,4
6,DirichletLM,48,31986,1
6,DirichletLM,49,9620,1
10,DPH,3,13557,2
10,DPH,30,26412,3
5,DirichletLM,0,28774,12
5,DirichletLM,1,7474,8
5,DirichletLM,2,7832,2
5,DirichletLM,3,42955,13
5,DirichletLM,4,40583,3
5,DirichletLM,5,7474,2
5,DirichletLM,6,21022,2
5,DirichletLM,7,17427,5
5,DirichletLM,8,25233,57
5,DirichletLM,9,7832,1
5,DirichletLM,10,35456,19
5,DirichletLM,11,10692,4
5,DirichletLM,12,29978,6
5,DirichletLM,13,18251,6
5,DirichletLM,14,29704,2
5,DirichletLM,15,13720,7
5,DirichletLM,16,30106,2
5,DirichletLM,17,10196,7
5,DirichletLM,18,7832,3
5,DirichletLM,19,35456,16
5,DirichletLM,20,5220,4
5,DirichletLM,21,25233,21
5,DirichletLM,22,17917,25
5,DirichletLM,23,5585,4
5,DirichletLM,24,13147,10
5,DirichletLM,25,23029,13
5,DirichletLM,26,35060,4
5,DirichletLM,27,19384,24
5,DirichletLM,28,28498,1
5,DirichletLM,29,28498,2
5,DirichletLM,30,35456,20
5,DirichletLM,31,17369,49
5,DirichletLM,32,10168,2
5,DirichletLM,33,28498,4
5,DirichletLM,34,13720,9
5,DirichletLM,35,35456,27
5,DirichletLM,36,35456,25
5,DirichletLM,37,3834,1
5,DirichletLM,38,26969,1
5,DirichletLM,39,3529,15
5,DirichletLM,40,8624,6
5,DirichletLM,41,32053,4
5,DirichletLM,42,35456,28
5,DirichletLM,43,17992,21
5,DirichletLM,44,29704,5
5,DirichletLM,45,35098,8
5,DirichletLM,46,40583,6
5,DirichletLM,47,28514,10
5,DirichletLM,48,28514,5
5,DirichletLM,49,35098,11
10,DPH,31,33373,8
10,DPH,32,17781,6
4,DirichletLM,0,18442,1
4,DirichletLM,1,38038,1
4,DirichletLM,2,42549,24
4,DirichletLM,3,7807,3
4,DirichletLM,4,33833,4
4,DirichletLM,5,36962,4
4,DirichletLM,6,42549,20
4,DirichletLM,7,14005,2
4,DirichletLM,8,24511,46
4,DirichletLM,9,24511,46
4,DirichletLM,10,3464,3
4,DirichletLM,11,24511,49
4,DirichletLM,12,24511,49
4,DirichletLM,13,42549,17
4,DirichletLM,14,42703,1
4,DirichletLM,15,36962,3
4,DirichletLM,16,24511,39
4,DirichletLM,17,24511,39
4,DirichletLM,18,42549,19
4,DirichletLM,19,20182,12
4,DirichletLM,20,42549,14
4,DirichletLM,21,24511,54
4,DirichletLM,22,24511,54
4,DirichletLM,23,24511,51
4,DirichletLM,24,24511,51
4,DirichletLM,25,24511,52
4,DirichletLM,26,24511,52
4,DirichletLM,27,24511,55
4,DirichletLM,28,24511,55
4,DirichletLM,29,36962,1
4,DirichletLM,30,7807,6
4,DirichletLM,31,3464,1
4,DirichletLM,32,34769,6
4,DirichletLM,33,36962,2
4,DirichletLM,34,42760,11
4,DirichletLM,35,28554,1
4,DirichletLM,36,29365,1
4,DirichletLM,37,42549,4
4,DirichletLM,38,29365,2
4,DirichletLM,39,29365,8
4,DirichletLM,40,42549,16
4,DirichletLM,41,8659,5
4,DirichletLM,42,38660,5
4,DirichletLM,43,29365,5
4,DirichletLM,44,42760,6
4,DirichletLM,45,24511,25
4,DirichletLM,46,24511,25
4,DirichletLM,47,24511,44
4,DirichletLM,48,24511,44
4,DirichletLM,49,18442,2
10,DPH,33,19652,1
10,DPH,34,14506,2
14,DirichletLM,0,20935,2
14,DirichletLM,1,27718,5
14,DirichletLM,2,27718,2
14,DirichletLM,3,32178,1
14,DirichletLM,4,44381,4
14,DirichletLM,5,25600,6
14,DirichletLM,6,20935,7
14,DirichletLM,7,12591,1
14,DirichletLM,8,10684,8
14,DirichletLM,9,10858,4
14,DirichletLM,10,19580,5
14,DirichletLM,11,12897,12
14,DirichletLM,12,19853,3
14,DirichletLM,13,31788,2
14,DirichletLM,14,36052,1
14,DirichletLM,15,32245,6
14,DirichletLM,16,34706,1
14,DirichletLM,17,16720,1
14,DirichletLM,18,16720,1
14,DirichletLM,19,16720,1
14,DirichletLM,20,16720,1
14,DirichletLM,21,16720,1
14,DirichletLM,22,12897,13
14,DirichletLM,23,34706,6
14,DirichletLM,24,41774,2
14,DirichletLM,25,27068,1
14,DirichletLM,26,1364,1
14,DirichletLM,27,27068,4
14,DirichletLM,28,31850,6
14,DirichletLM,29,31850,3
14,DirichletLM,30,27718,4
14,DirichletLM,31,912,5
14,DirichletLM,32,28759,6
14,DirichletLM,33,43645,1
14,DirichletLM,34,9099,6
14,DirichletLM,35,4646,1
14,DirichletLM,36,32440,1
14,DirichletLM,37,12897,27
14,DirichletLM,38,4646,4
14,DirichletLM,39,32207,1
14,DirichletLM,40,13342,5
14,DirichletLM,41,12897,26
14,DirichletLM,42,34756,3
14,DirichletLM,43,32178,4
14,DirichletLM,44,17279,2
14,DirichletLM,45,7227,4
14,DirichletLM,46,105,15
14,DirichletLM,47,12748,4
14,DirichletLM,48,26902,3
14,DirichletLM,49,22496,1
10,DPH,35,32236,4
11,DPH,0,27961,7
11,DPH,1,23533,1
11,DPH,2,32593,14
11,DPH,3,39438,2
11,DPH,4,27961,8
11,DPH,5,30330,10
11,DPH,6,14510,6
11,DPH,7,34949,133
11,DPH,8,30330,9
11,DPH,9,33502,5
10,DPH,36,32236,9
11,DPH,10,16126,1
13,DirichletLM,0,76,1
13,DirichletLM,1,16132,10
13,DirichletLM,2,31934,2
13,DirichletLM,3,25406,2
13,DirichletLM,4,15780,3
13,DirichletLM,5,14866,3
13,DirichletLM,6,16132,9
13,DirichletLM,7,27248,1
13,DirichletLM,8,24960,2
13,DirichletLM,9,17839,1
11,DPH,11,22423,3
13,DirichletLM,10,34972,1
13,DirichletLM,11,40774,5
13,DirichletLM,12,36249,2
13,DirichletLM,13,40774,3
13,DirichletLM,14,40774,4
13,DirichletLM,15,28242,2
13,DirichletLM,16,29430,9
13,DirichletLM,17,34516,3
13,DirichletLM,18,29430,4
13,DirichletLM,19,33106,1
11,DPH,12,22423,6
13,DirichletLM,20,9926,1
13,DirichletLM,21,15780,2
13,DirichletLM,22,25325,6
13,DirichletLM,23,29430,1
13,DirichletLM,24,9418,1
13,DirichletLM,25,31311,1
13,DirichletLM,26,12043,36
13,DirichletLM,27,1294,16
13,DirichletLM,28,12226,1
13,DirichletLM,29,16903,1
11,DPH,13,43342,1
13,DirichletLM,30,23952,1
13,DirichletLM,31,9418,6
13,DirichletLM,32,40774,2
13,DirichletLM,33,22746,5
13,DirichletLM,34,15780,4
13,DirichletLM,35,25406,1
13,DirichletLM,36,44315,7
13,DirichletLM,37,794,5
13,DirichletLM,38,794,4
13,DirichletLM,39,3245,2
11,DPH,14,33502,16
13,DirichletLM,40,16132,12
13,DirichletLM,41,14866,1
13,DirichletLM,42,9418,10
13,DirichletLM,43,4279,3
13,DirichletLM,44,29430,5
13,DirichletLM,45,33106,9
13,DirichletLM,46,33106,4
13,DirichletLM,47,9307,18
13,DirichletLM,48,37288,2
13,DirichletLM,49,36249,1
11,DPH,15,23533,3
15,DirichletLM,0,32569,4
15,DirichletLM,1,12755,5
15,DirichletLM,2,41457,5
15,DirichletLM,3,1203,8
15,DirichletLM,4,28147,4
15,DirichletLM,5,33362,1
15,DirichletLM,6,40693,2
15,DirichletLM,7,11192,7
15,DirichletLM,8,7862,7
15,DirichletLM,9,1264,5
11,DPH,16,4806,24
15,DirichletLM,10,34716,6
15,DirichletLM,11,12755,3
15,DirichletLM,12,37084,1
15,DirichletLM,13,34716,4
15,DirichletLM,14,41457,6
15,DirichletLM,15,41457,2
15,DirichletLM,16,40055,3
15,DirichletLM,17,31398,10
15,DirichletLM,18,41457,7
15,DirichletLM,19,41457,3
11,DPH,17,8542,1
15,DirichletLM,20,1203,13
15,DirichletLM,21,7862,3
15,DirichletLM,22,8056,2
15,DirichletLM,23,12138,2
15,DirichletLM,24,17961,4
15,DirichletLM,25,40055,5
15,DirichletLM,26,34716,3
15,DirichletLM,27,8334,7
15,DirichletLM,28,42384,4
15,DirichletLM,29,7862,6
11,DPH,18,26528,1
15,DirichletLM,30,43677,3
15,DirichletLM,31,17961,1
15,DirichletLM,32,43677,2
15,DirichletLM,33,13485,6
15,DirichletLM,34,37084,4
15,DirichletLM,35,12138,6
15,DirichletLM,36,28892,2
15,DirichletLM,37,1349,6
15,DirichletLM,38,1349,6
15,DirichletLM,39,1349,6
11,DPH,19,43944,1
15,DirichletLM,40,12138,5
15,DirichletLM,41,3593,8
15,DirichletLM,42,1820,1
15,DirichletLM,43,12755,6
15,DirichletLM,44,12138,3
15,DirichletLM,45,17961,7
15,DirichletLM,46,1264,4
15,DirichletLM,47,36254,4
15,DirichletLM,48,37638,4
15,DirichletLM,49,17204,26
10,DPH,37,39477,1
11,DPH,20,26959,1
11,DPH,21,43829,3
11,DPH,22,40069,4
11,DPH,23,28902,6
11,DPH,24,20786,3
11,DPH,25,13892,7
11,DPH,26,40747,9
11,DPH,27,20786,5
11,DPH,28,13119,5
11,DPH,29,13119,5
10,DPH,38,33373,1
11,DPH,30,13119,5
11,DPH,31,3539,9
11,DPH,32,42405,1
11,DPH,33,34949,84
11,DPH,34,32725,4
11,DPH,35,19867,3
11,DPH,36,3539,8
11,DPH,37,40165,3
11,DPH,38,30793,4
11,DPH,39,23789,1
10,DPH,39,17781,1
11,DPH,40,10872,6
17,DirichletLM,0,21004,4
17,DirichletLM,1,21004,3
17,DirichletLM,2,38422,18
17,DirichletLM,3,27822,2
17,DirichletLM,4,38422,19
17,DirichletLM,5,21004,1
17,DirichletLM,6,19871,1
17,DirichletLM,7,19871,2
17,DirichletLM,8,5236,15
17,DirichletLM,9,8030,4
11,DPH,41,4472,5
17,DirichletLM,10,26605,11
17,DirichletLM,11,8201,8
17,DirichletLM,12,22921,14
17,DirichletLM,13,19871,4
17,DirichletLM,14,32182,5
17,DirichletLM,15,18095,4
17,DirichletLM,16,15584,29
17,DirichletLM,17,8030,7
17,DirichletLM,18,37493,1
17,DirichletLM,19,21142,5
11,DPH,42,23789,8
17,DirichletLM,20,21142,2
17,DirichletLM,21,8201,4
17,DirichletLM,22,8880,2
17,DirichletLM,23,36432,8
17,DirichletLM,24,779,1
17,DirichletLM,25,5236,14
17,DirichletLM,26,5236,18
17,DirichletLM,27,21142,4
17,DirichletLM,28,19353,2
17,DirichletLM,29,30,4
11,DPH,43,8176,17
17,DirichletLM,30,5236,19
17,DirichletLM,31,42668,2
17,DirichletLM,32,17595,4
17,DirichletLM,33,8201,7
17,DirichletLM,34,21049,6
17,DirichletLM,35,36432,4
17,DirichletLM,36,7233,10
17,DirichletLM,37,38422,2
17,DirichletLM,38,5236,17
17,DirichletLM,39,33275,1
11,DPH,44,23533,2
17,DirichletLM,40,36936,3
17,DirichletLM,41,19353,1
17,DirichletLM,42,36432,9
17,DirichletLM,43,26632,6
17,DirichletLM,44,27874,6
17,DirichletLM,45,13544,4
17,DirichletLM,46,33583,11
17,DirichletLM,47,17595,1
17,DirichletLM,48,43139,7
17,DirichletLM,49,22921,16
11,DPH,45,7705,6
16,DirichletLM,0,1280,8
16,DirichletLM,1,14658,1
16,DirichletLM,2,10887,3
16,DirichletLM,3,1280,4
16,DirichletLM,4,3447,7
16,DirichletLM,5,40559,3
16,DirichletLM,6,1280,9
16,DirichletLM,7,3447,2
16,DirichletLM,8,4439,13
16,DirichletLM,9,4439,5
11,DPH,46,41309,6
16,DirichletLM,10,8210,33
16,DirichletLM,11,3447,4
16,DirichletLM,12,8210,24
16,DirichletLM,13,3447,5
16,DirichletLM,14,4439,10
16,DirichletLM,15,8210,22
16,DirichletLM,16,8210,21
16,DirichletLM,17,42602,7
16,DirichletLM,18,42715,1
16,DirichletLM,19,4439,14
11,DPH,47,25366,6
16,DirichletLM,20,3447,8
16,DirichletLM,21,8210,20
16,DirichletLM,22,8210,23
16,DirichletLM,23,4439,16
16,DirichletLM,24,2871,6
16,DirichletLM,25,10887,1
16,DirichletLM,26,8210,25
16,DirichletLM,27,14658,3
16,DirichletLM,28,14658,5
16,DirichletLM,29,4439,1
11,DPH,48,34949,127
16,DirichletLM,30,10887,2
16,DirichletLM,31,37993,10
16,DirichletLM,32,3447,10
16,DirichletLM,33,34551,2
16,DirichletLM,34,10887,6
16,DirichletLM,35,22586,9
16,DirichletLM,36,4439,3
16,DirichletLM,37,1280,10
16,DirichletLM,38,24367,7
16,DirichletLM,39,8210,29
11,DPH,49,29416,6
16,DirichletLM,40,22586,5
16,DirichletLM,41,3447,6
16,DirichletLM,42,34935,5
16,DirichletLM,43,42602,8
16,DirichletLM,44,8210,27
16,DirichletLM,45,4439,6
16,DirichletLM,46,8210,32
16,DirichletLM,47,19307,8
16,DirichletLM,48,1280,5
16,DirichletLM,49,8210,30
10,DPH,4,15859,5
10,DPH,40,33564,4
7,DirichletLM,0,25810,3
7,DirichletLM,1,25810,3
7,DirichletLM,2,42041,16
7,DirichletLM,3,26789,5
7,DirichletLM,4,26789,6
7,DirichletLM,5,26789,7
7,DirichletLM,6,26789,3
7,DirichletLM,7,10216,12
7,DirichletLM,8,30699,1
7,DirichletLM,9,2925,4
7,DirichletLM,10,29042,10
7,DirichletLM,11,42399,13
7,DirichletLM,12,20895,1
7,DirichletLM,13,43683,5
7,DirichletLM,14,2925,5
7,DirichletLM,15,42041,24
7,DirichletLM,16,4194,2
7,DirichletLM,17,6610,1
7,DirichletLM,18,1603,5
7,DirichletLM,19,4194,1
7,DirichletLM,20,11323,4
7,DirichletLM,21,1603,8
7,DirichletLM,22,14078,1
7,DirichletLM,23,36961,4
7,DirichletLM,24,22418,8
7,DirichletLM,25,42041,19
7,DirichletLM,26,4194,8
7,DirichletLM,27,4194,9
7,DirichletLM,28,4194,7
7,DirichletLM,29,29042,6
7,DirichletLM,30,29246,3
7,DirichletLM,31,4194,4
7,DirichletLM,32,4194,6
7,DirichletLM,33,4194,3
7,DirichletLM,34,4194,5
7,DirichletLM,35,9819,4
7,DirichletLM,36,42041,20
7,DirichletLM,37,995,1
7,DirichletLM,38,995,8
7,DirichletLM,39,995,9
7,DirichletLM,40,995,10
7,DirichletLM,41,13118,6
7,DirichletLM,42,995,4
7,DirichletLM,43,995,5
7,DirichletLM,44,42095,1
7,DirichletLM,45,20895,2
7,DirichletLM,46,20582,8
7,DirichletLM,47,24563,9
7,DirichletLM,48,20582,4
7,DirichletLM,49,30489,7
8,DirichletLM,0,35914,24
8,DirichletLM,1,35914,15
8,DirichletLM,2,35914,18
8,DirichletLM,3,35914,12
8,DirichletLM,4,35914,16
8,DirichletLM,5,35914,20
8,DirichletLM,6,35914,21
8,DirichletLM,7,30807,25
8,DirichletLM,8,41294,4
8,DirichletLM,9,37942,5
8,DirichletLM,10,21938,2
8,DirichletLM,11,21590,2
8,DirichletLM,12,18212,4
8,DirichletLM,13,26186,4
8,DirichletLM,14,13303,1
8,DirichletLM,15,35914,30
8,DirichletLM,16,1631,4
8,DirichletLM,17,8962,2
8,DirichletLM,18,11297,1
8,DirichletLM,19,3062,1
8,DirichletLM,20,35914,22
8,DirichletLM,21,21938,4
8,DirichletLM,22,13303,8
8,DirichletLM,23,29116,6
8,DirichletLM,24,12672,4
8,DirichletLM,25,39969,3
8,DirichletLM,26,17678,8
8,DirichletLM,27,24369,6
8,DirichletLM,28,39969,4
8,DirichletLM,29,39969,7
8,DirichletLM,30,24700,7
8,DirichletLM,31,31813,7
8,DirichletLM,32,31813,2
8,DirichletLM,33,43431,5
8,DirichletLM,34,37812,5
8,DirichletLM,35,20775,10
8,DirichletLM,36,12807,1
8,DirichletLM,37,35914,23
8,DirichletLM,38,35914,13
8,DirichletLM,39,27194,9
8,DirichletLM,40,28954,6
8,DirichletLM,41,13303,7
8,DirichletLM,42,19715,13
8,DirichletLM,43,26470,9
8,DirichletLM,44,11861,14
8,DirichletLM,45,40841,1
8,DirichletLM,46,38206,4
8,DirichletLM,47,24369,5
8,DirichletLM,48,17678,7
8,DirichletLM,49,39969,8
10,DPH,41,34833,2
20,DirichletLM,0,25908,18
20,DirichletLM,1,25908,16
20,DirichletLM,2,25908,10
20,DirichletLM,3,30506,4
20,DirichletLM,4,40525,26
20,DirichletLM,5,40525,2
20,DirichletLM,6,40525,32
20,DirichletLM,7,40525,36
20,DirichletLM,8,25908,15
20,DirichletLM,9,9577,18
20,DirichletLM,10,40525,4
20,DirichletLM,11,40525,3
20,DirichletLM,12,37038,22
20,DirichletLM,13,25908,11
20,DirichletLM,14,40525,13
20,DirichletLM,15,40525,14
20,DirichletLM,16,40525,1
20,DirichletLM,17,41287,7
20,DirichletLM,18,40525,21
20,DirichletLM,19,40525,9
20,DirichletLM,20,40525,20
20,DirichletLM,21,40525,25
20,DirichletLM,22,40525,10
20,DirichletLM,23,40525,33
20,DirichletLM,24,40525,11
20,DirichletLM,25,40525,18
20,DirichletLM,26,40525,5
20,DirichletLM,27,40525,12
20,DirichletLM,28,40525,28
20,DirichletLM,29,24629,1
20,DirichletLM,30,40525,30
20,DirichletLM,31,40525,31
20,DirichletLM,32,40525,34
20,DirichletLM,33,40525,35
20,DirichletLM,34,40525,7
20,DirichletLM,35,40525,15
20,DirichletLM,36,40525,17
20,DirichletLM,37,40525,19
20,DirichletLM,38,40525,23
20,DirichletLM,39,40525,24
20,DirichletLM,40,40525,27
20,DirichletLM,41,40525,6
20,DirichletLM,42,40525,8
20,DirichletLM,43,40525,22
20,DirichletLM,44,40525,16
20,DirichletLM,45,25908,2
20,DirichletLM,46,27244,20
20,DirichletLM,47,5407,12
20,DirichletLM,48,21881,9
20,DirichletLM,49,40525,29
10,DPH,42,12031,2
18,DirichletLM,0,19759,6
18,DirichletLM,1,39644,2
18,DirichletLM,2,15398,3
18,DirichletLM,3,16193,4
18,DirichletLM,4,21535,4
18,DirichletLM,5,17796,7
18,DirichletLM,6,21535,5
18,DirichletLM,7,34176,4
18,DirichletLM,8,36908,5
18,DirichletLM,9,17796,2
18,DirichletLM,10,10321,2
18,DirichletLM,11,9587,1
18,DirichletLM,12,13338,1
18,DirichletLM,13,10672,2
18,DirichletLM,14,12877,2
18,DirichletLM,15,12877,5
18,DirichletLM,16,30436,3
18,DirichletLM,17,29455,3
18,DirichletLM,18,36520,5
18,DirichletLM,19,31601,1
18,DirichletLM,20,39952,21
18,DirichletLM,21,25181,4
18,DirichletLM,22,31294,4
18,DirichletLM,23,34176,5
18,DirichletLM,24,614,3
18,DirichletLM,25,17796,3
18,DirichletLM,26,34176,2
18,DirichletLM,27,10078,4
18,DirichletLM,28,36008,2
18,DirichletLM,29,2021,6
18,DirichletLM,30,19565,1
18,DirichletLM,31,30335,5
18,DirichletLM,32,3371,3
18,DirichletLM,33,20800,6
18,DirichletLM,34,31396,2
18,DirichletLM,35,25282,3
18,DirichletLM,36,9276,3
18,DirichletLM,37,20012,4
18,DirichletLM,38,31612,3
18,DirichletLM,39,13462,1
18,DirichletLM,40,16238,1
18,DirichletLM,41,15636,1
18,DirichletLM,42,30375,2
18,DirichletLM,43,39952,17
18,DirichletLM,44,16238,8
18,DirichletLM,45,28644,2
18,DirichletLM,46,23425,1
18,DirichletLM,47,16193,6
18,DirichletLM,48,997,2
18,DirichletLM,49,997,6
10,DPH,43,28265,6
19,DirichletLM,0,33099,3
19,DirichletLM,1,30100,34
19,DirichletLM,2,31328,4
19,DirichletLM,3,3381,2
19,DirichletLM,4,10609,5
19,DirichletLM,5,23680,1
19,DirichletLM,6,30100,13
19,DirichletLM,7,3381,3
19,DirichletLM,8,24896,6
19,DirichletLM,9,16589,2
19,DirichletLM,10,2260,1
19,DirichletLM,11,25810,4
19,DirichletLM,12,25810,4
19,DirichletLM,13,25810,4
19,DirichletLM,14,23386,6
19,DirichletLM,15,36372,1
19,DirichletLM,16,3000,1
19,DirichletLM,17,4148,6
19,DirichletLM,18,4148,6
19,DirichletLM,19,4148,6
19,DirichletLM,20,23723,1
19,DirichletLM,21,3567,1
19,DirichletLM,22,14987,1
19,DirichletLM,23,4148,8
19,DirichletLM,24,4148,8
19,DirichletLM,25,4148,8
19,DirichletLM,26,30100,28
19,DirichletLM,27,30100,20
19,DirichletLM,28,22936,4
19,DirichletLM,29,22395,5
19,DirichletLM,30,9345,2
19,DirichletLM,31,33099,7
19,DirichletLM,32,7401,7
19,DirichletLM,33,25341,2
19,DirichletLM,34,3000,5
19,DirichletLM,35,9212,5
19,DirichletLM,36,16061,2
19,DirichletLM,37,14987,4
19,DirichletLM,38,35815,4
19,DirichletLM,39,23680,2
19,DirichletLM,40,30100,11
19,DirichletLM,41,3381,1
19,DirichletLM,42,15983,1
19,DirichletLM,43,3381,4
19,DirichletLM,44,23837,16
19,DirichletLM,45,33828,2
19,DirichletLM,46,41745,3
19,DirichletLM,47,4544,15
19,DirichletLM,48,23644,2
19,DirichletLM,49,35006,31
9,DirichletLM,0,4954,1
9,DirichletLM,1,3382,1
9,DirichletLM,2,40213,18
9,DirichletLM,3,26941,1
9,DirichletLM,4,40213,17
9,DirichletLM,5,40253,4
9,DirichletLM,6,26256,1
9,DirichletLM,7,6310,4
9,DirichletLM,8,35902,5
9,DirichletLM,9,33185,5
9,DirichletLM,10,33185,3
9,DirichletLM,11,7703,2
9,DirichletLM,12,33185,6
9,DirichletLM,13,24352,1
9,DirichletLM,14,7703,1
9,DirichletLM,15,3382,2
9,DirichletLM,16,42157,3
9,DirichletLM,17,37325,17
9,DirichletLM,18,14442,2
9,DirichletLM,19,14442,5
9,DirichletLM,20,2381,1
9,DirichletLM,21,28718,9
9,DirichletLM,22,33075,18
9,DirichletLM,23,30877,17
9,DirichletLM,24,30877,14
9,DirichletLM,25,18518,5
9,DirichletLM,26,17412,5
9,DirichletLM,27,10638,6
9,DirichletLM,28,9551,5
9,DirichletLM,29,24352,5
9,DirichletLM,30,24352,2
9,DirichletLM,31,4964,6
9,DirichletLM,32,4964,6
9,DirichletLM,33,33185,2
9,DirichletLM,34,30877,8
9,DirichletLM,35,20575,7
9,DirichletLM,36,28718,12
9,DirichletLM,37,27227,2
9,DirichletLM,38,42765,3
9,DirichletLM,39,4964,7
9,DirichletLM,40,4964,7
9,DirichletLM,41,4964,12
9,DirichletLM,42,4964,13
9,DirichletLM,43,4964,12
9,DirichletLM,44,4964,13
9,DirichletLM,45,20575,1
9,DirichletLM,46,4964,8
9,DirichletLM,47,4964,9
9,DirichletLM,48,4964,8
9,DirichletLM,49,4964,9
10,DPH,44,17781,2
10,DPH,45,3927,6
6,DPH,0,17885,64
6,DPH,1,28367,6
6,DPH,2,10712,3
6,DPH,3,29702,5
6,DPH,4,6841,2
6,DPH,5,10712,1
6,DPH,6,43194,6
6,DPH,7,29822,2
6,DPH,8,24031,6
6,DPH,9,42203,3
10,DPH,46,33373,2
6,DPH,10,911,3
6,DPH,11,21336,3
6,DPH,12,3303,1
6,DPH,13,22396,5
6,DPH,14,6901,4
6,DPH,15,26089,1
1,DirichletLM,0,29832,2
1,DirichletLM,1,18018,3
1,DirichletLM,2,12533,5
1,DirichletLM,3,38713,2
1,DirichletLM,4,43000,3
1,DirichletLM,5,5739,3
1,DirichletLM,6,5739,3
1,DirichletLM,7,5739,3
1,DirichletLM,8,37069,1
1,DirichletLM,9,22408,5
6,DPH,16,26089,3
1,DirichletLM,10,13593,2
1,DirichletLM,11,33824,3
1,DirichletLM,12,2675,2
1,DirichletLM,13,11975,1
1,DirichletLM,14,26220,1
1,DirichletLM,15,18018,2
1,DirichletLM,16,16012,8
1,DirichletLM,17,1615,3
1,DirichletLM,18,38713,1
1,DirichletLM,19,31768,6
6,DPH,17,28402,8
1,DirichletLM,20,30835,3
1,DirichletLM,21,27510,2
1,DirichletLM,22,38713,3
1,DirichletLM,23,38713,5
1,DirichletLM,24,33824,4
1,DirichletLM,25,40873,1
1,DirichletLM,26,41308,22
1,DirichletLM,27,44220,2
1,DirichletLM,28,22010,2
1,DirichletLM,29,40651,2
6,DPH,18,48,1
1,DirichletLM,30,7411,6
1,DirichletLM,31,41551,5
1,DirichletLM,32,1602,1
1,DirichletLM,33,41308,10
1,DirichletLM,34,18591,2
1,DirichletLM,35,23456,5
1,DirichletLM,36,23456,2
1,DirichletLM,37,21879,3
1,DirichletLM,38,9086,5
1,DirichletLM,39,41308,12
6,DPH,19,10712,4
1,DirichletLM,40,43703,2
1,DirichletLM,41,33408,5
1,DirichletLM,42,196,1
1,DirichletLM,43,21879,2
1,DirichletLM,44,33408,6
1,DirichletLM,45,43809,4
1,DirichletLM,46,25711,6
1,DirichletLM,47,41308,17
1,DirichletLM,48,6454,1
1,DirichletLM,49,22408,1
10,DPH,47,31991,1
6,DPH,20,3303,5
6,DPH,21,4085,6
6,DPH,22,21034,4
6,DPH,23,43097,6
6,DPH,24,17885,26
6,DPH,25,3303,8
6,DPH,26,22417,3
6,DPH,27,43194,5
6,DPH,28,24031,5
6,DPH,29,9620,3
10,DPH,48,39470,1
6,DPH,30,12888,2
6,DPH,31,13443,5
6,DPH,32,21323,2
6,DPH,33,26712,7
6,DPH,34,9620,1
6,DPH,35,26786,1
6,DPH,36,26089,6
6,DPH,37,48,4
6,DPH,38,29438,2
6,DPH,39,17885,63
10,DPH,49,15859,7
6,DPH,40,5804,6
3,DirichletLM,0,33283,5
3,DirichletLM,1,33283,6
3,DirichletLM,2,4054,2
3,DirichletLM,3,17770,2
3,DirichletLM,4,33283,3
3,DirichletLM,5,4054,1
3,DirichletLM,6,17770,3
3,DirichletLM,7,12726,1
3,DirichletLM,8,12726,4
3,DirichletLM,9,12726,6
6,DPH,41,16223,62
3,DirichletLM,10,17770,1
3,DirichletLM,11,2826,5
3,DirichletLM,12,42370,2
3,DirichletLM,13,12726,5
3,DirichletLM,14,293,14
3,DirichletLM,15,42989,3
3,DirichletLM,16,39328,3
3,DirichletLM,17,18997,5
3,DirichletLM,18,21023,1
3,DirichletLM,19,20726,10
6,DPH,42,3344,1
3,DirichletLM,20,37492,5
3,DirichletLM,21,43692,1
3,DirichletLM,22,21719,11
3,DirichletLM,23,293,3
3,DirichletLM,24,33239,20
3,DirichletLM,25,27628,3
3,DirichletLM,26,42491,3
3,DirichletLM,27,23965,1
3,DirichletLM,28,370,26
3,DirichletLM,29,32367,3
6,DPH,43,3344,1
3,DirichletLM,30,19573,1
3,DirichletLM,31,22444,7
3,DirichletLM,32,18302,2
3,DirichletLM,33,36302,2
3,DirichletLM,34,23946,4
3,DirichletLM,35,23946,4
3,DirichletLM,36,23946,4
3,DirichletLM,37,23946,4
3,DirichletLM,38,21425,3
3,DirichletLM,39,23397,6
6,DPH,44,3344,1
3,DirichletLM,40,36409,5
3,DirichletLM,41,28667,2
3,DirichletLM,42,36977,2
3,DirichletLM,43,1817,4
3,DirichletLM,44,1817,4
3,DirichletLM,45,1817,4
3,DirichletLM,46,24320,2
3,DirichletLM,47,24320,4
3,DirichletLM,48,35617,41
3,DirichletLM,49,19998,19
6,DPH,45,17885,62
2,DirichletLM,0,40287,1
2,DirichletLM,1,32128,1
2,DirichletLM,2,14667,2
2,DirichletLM,3,2430,1
2,DirichletLM,4,24852,3
2,DirichletLM,5,24852,8
2,DirichletLM,6,14667,1
2,DirichletLM,7,33,5
2,DirichletLM,8,43496,12
2,DirichletLM,9,5533,3
6,DPH,46,21034,2
2,DirichletLM,10,5533,7
2,DirichletLM,11,17344,1
2,DirichletLM,12,12422,2
2,DirichletLM,13,12422,2
2,DirichletLM,14,12422,2
2,DirichletLM,15,9916,4
2,DirichletLM,16,7075,6
2,DirichletLM,17,1151,28
2,DirichletLM,18,7048,4
2,DirichletLM,19,7048,7
6,DPH,47,9620,2
2,DirichletLM,20,28420,7
2,DirichletLM,21,28420,7
2,DirichletLM,22,1151,30
2,DirichletLM,23,40996,14
2,DirichletLM,24,4864,10
2,DirichletLM,25,41643,2
2,DirichletLM,26,20583,4
2,DirichletLM,27,43743,1
2,DirichletLM,28,12749,25
2,DirichletLM,29,22177,22
6,DPH,48,17885,48
2,DirichletLM,30,33586,12
2,DirichletLM,31,34518,40
2,DirichletLM,32,571,5
2,DirichletLM,33,7102,2
2,DirichletLM,34,1151,10
2,DirichletLM,35,1151,12
2,DirichletLM,36,1151,18
2,DirichletLM,37,1151,11
2,DirichletLM,38,1151,15
2,DirichletLM,39,1151,4
6,DPH,49,32278,5
2,DirichletLM,40,1151,6
2,DirichletLM,41,1039,6
2,DirichletLM,42,37168,3
2,DirichletLM,43,537,54
2,DirichletLM,44,43647,3
2,DirichletLM,45,17295,2
2,DirichletLM,46,1058,11
2,DirichletLM,47,1151,19
2,DirichletLM,48,12567,3
2,DirichletLM,49,1039,8
10,DPH,5,23959,1
5,DPH,0,7474,8
10,BM25,0,33373,6
10,BM25,1,17781,4
10,BM25,2,15859,4
10,BM25,3,19740,14
10,BM25,4,19740,67
10,BM25,5,19740,85
10,BM25,6,19740,9
10,BM25,7,19740,10
10,BM25,8,19740,15
10,BM25,9,19740,17
5,DPH,1,17369,49
10,BM25,10,19740,72
10,BM25,11,19740,90
10,BM25,12,19740,64
10,BM25,13,19740,5
10,BM25,14,19740,12
10,BM25,15,19740,28
10,BM25,16,19740,73
10,BM25,17,19740,81
10,BM25,18,35082,1
10,BM25,19,19740,1
5,DPH,2,21022,2
10,BM25,20,19740,3
10,BM25,21,19740,4
10,BM25,22,19740,77
10,BM25,23,19740,6
10,BM25,24,19740,7
10,BM25,25,19740,21
10,BM25,26,19740,68
10,BM25,27,19740,69
10,BM25,28,33373,8
10,BM25,29,17781,6
5,DPH,3,28774,12
10,BM25,30,35082,6
10,BM25,31,4718,1
10,BM25,32,23959,1
10,BM25,33,33750,4
10,BM25,34,39007,1
10,BM25,35,42123,1
10,BM25,36,19740,29
10,BM25,37,35082,2
10,BM25,38,33373,7
10,BM25,39,17781,5
5,DPH,4,35456,19
10,BM25,40,39477,1
10,BM25,41,15859,5
10,BM25,42,380,1
10,BM25,43,19740,8
10,BM25,44,19740,46
10,BM25,45,33371,3
10,BM25,46,33564,4
10,BM25,47,30183,1
10,BM25,48,4186,1
10,BM25,49,19740,19
5,DPH,5,35456,16
5,DPH,6,29704,2
5,DPH,7,18251,6
5,DPH,8,25233,57
5,DPH,9,17427,5
5,DPH,10,14694,49
5,DPH,11,7832,3
5,DPH,12,29978,6
5,DPH,13,19384,24
5,DPH,14,35456,28
5,DPH,15,13720,9
5,DPH,16,5220,4
5,DPH,17,42955,13
5,DPH,18,28498,4
5,DPH,19,35456,27
5,DPH,20,7832,1
5,DPH,21,6723,6
5,DPH,22,17992,21
5,DPH,23,6723,3
5,DPH,24,25233,21
5,DPH,25,13147,10
12,BM25,0,25519,30
12,BM25,1,39355,1
12,BM25,2,25519,4
12,BM25,3,30958,3
12,BM25,4,39355,4
12,BM25,5,5096,2
12,BM25,6,21934,10
12,BM25,7,34168,3
12,BM25,8,21934,4
12,BM25,9,25519,14
5,DPH,26,17917,25
12,BM25,10,33953,2
12,BM25,11,25519,7
12,BM25,12,42495,1
12,BM25,13,27972,1
12,BM25,14,30958,20
12,BM25,15,25519,19
12,BM25,16,39928,15
12,BM25,17,1334,2
12,BM25,18,6730,5
12,BM25,19,30716,1
5,DPH,27,33100,6
12,BM25,20,28724,4
12,BM25,21,11200,2
12,BM25,22,25519,3
12,BM25,23,38905,4
12,BM25,24,21934,2
12,BM25,25,39928,58
12,BM25,26,43039,5
12,BM25,27,21934,1
12,BM25,28,1334,5
12,BM25,29,3713,2
5,DPH,28,23029,13
12,BM25,30,25519,11
12,BM25,31,8567,14
12,BM25,32,1819,2
12,BM25,33,39928,11
12,BM25,34,39928,26
12,BM25,35,38905,10
12,BM25,36,1819,6
12,BM25,37,39928,13
12,BM25,38,39928,14
12,BM25,39,39928,21
5,DPH,29,10196,7
12,BM25,40,39928,29
12,BM25,41,39928,32
12,BM25,42,25519,10
12,BM25,43,8567,13
12,BM25,44,39928,17
12,BM25,45,8567,1
12,BM25,46,33370,1
12,BM25,47,25519,15
12,BM25,48,30716,5
12,BM25,49,37732,8
5,DPH,30,5585,4
5,DPH,31,7832,2
5,DPH,32,29704,5
5,DPH,33,7474,2
5,DPH,34,8624,6
5,DPH,35,28514,10
11,BM25,0,23533,1
11,BM25,1,34949,84
11,BM25,2,34949,127
11,BM25,3,34949,112
11,BM25,4,27961,7
11,BM25,5,34949,108
11,BM25,6,34949,124
11,BM25,7,34949,126
11,BM25,8,40849,1
11,BM25,9,3539,11
5,DPH,36,30771,13
11,BM25,10,32593,14
11,BM25,11,27961,8
11,BM25,12,34949,42
11,BM25,13,34949,119
11,BM25,14,33502,30
11,BM25,15,37104,5
11,BM25,16,33502,26
11,BM25,17,34949,118
11,BM25,18,23533,4
11,BM25,19,4806,24
5,DPH,37,537,44
11,BM25,20,25373,36
11,BM25,21,25373,36
11,BM25,22,34949,115
11,BM25,23,30330,8
11,BM25,24,19867,3
11,BM25,25,34949,69
11,BM25,26,30330,9
11,BM25,27,26528,1
11,BM25,28,14510,6
11,BM25,29,22423,3
5,DPH,38,35456,25
11,BM25,30,16126,1
11,BM25,31,33502,5
11,BM25,32,33502,7
11,BM25,33,34949,25
11,BM25,34,34949,49
11,BM25,35,37104,7
11,BM25,36,22423,6
11,BM25,37,39438,2
11,BM25,38,30330,10
11,BM25,39,43944,1
5,DPH,39,28514,5
11,BM25,40,20786,5
11,BM25,41,18010,26
11,BM25,42,40069,4
11,BM25,43,40849,25
11,BM25,44,28500,5
11,BM25,45,4966,7
11,BM25,46,20786,3
11,BM25,47,5604,1
11,BM25,48,5604,1
11,BM25,49,5604,1
5,DPH,40,35456,30
5,DPH,41,35456,20
5,DPH,42,40583,3
5,DPH,43,17062,10
5,DPH,44,10168,2
5,DPH,45,10692,4
6,BM25,0,3303,8
6,BM25,1,10712,1
6,BM25,2,17885,64
6,BM25,3,41347,1
6,BM25,4,3303,5
6,BM25,5,10712,3
6,BM25,6,3303,1
6,BM25,7,28367,6
6,BM25,8,17885,48
6,BM25,9,6901,4
5,DPH,46,3834,1
6,BM25,10,21034,4
6,BM25,11,16554,5
6,BM25,12,29702,5
6,BM25,13,48,1
6,BM25,14,6841,2
6,BM25,15,10712,4
6,BM25,16,29822,2
6,BM25,17,43194,6
6,BM25,18,3303,6
6,BM25,19,3303,2
5,DPH,47,25233,28
6,BM25,20,42203,3
6,BM25,21,26089,3
6,BM25,22,24031,6
6,BM25,23,4085,6
6,BM25,24,13443,5
6,BM25,25,16223,62
6,BM25,26,17885,26
6,BM25,27,21336,3
6,BM25,28,26712,7
6,BM25,29,41448,7
5,DPH,48,17992,16
6,BM25,30,22396,5
6,BM25,31,911,3
6,BM25,32,17885,62
6,BM25,33,26185,1
6,BM25,34,22803,2
6,BM25,35,43097,4
6,BM25,36,21034,2
6,BM25,37,26089,1
6,BM25,38,43097,6
6,BM25,39,28402,8
5,DPH,49,35456,15
6,BM25,40,16223,22
6,BM25,41,9620,1
6,BM25,42,22417,3
6,BM25,43,9620,3
6,BM25,44,26786,1
6,BM25,45,37308,4
6,BM25,46,11782,1
6,BM25,47,16554,7
6,BM25,48,39873,23
6,BM25,49,22396,4
5,BM25,0,17369,49
5,BM25,1,5220,3
5,BM25,2,35456,19
5,BM25,3,7474,8
5,BM25,4,35456,2
5,BM25,5,28774,12
5,BM25,6,25233,57
5,BM25,7,17369,63
5,BM25,8,25233,17
5,BM25,9,42955,5
5,BM25,10,5220,4
5,BM25,11,28498,4
5,BM25,12,6723,6
5,BM25,13,18251,6
5,BM25,14,17369,9
5,BM25,15,17369,57
5,BM25,16,33100,6
5,BM25,17,17427,5
5,BM25,18,18186,4
5,BM25,19,17992,21
5,BM25,20,6723,3
5,BM25,21,17369,24
5,BM25,22,17369,58
5,BM25,23,7772,8
5,BM25,24,17369,41
5,BM25,25,17369,62
5,BM25,26,17369,12
5,BM25,27,17062,10
5,BM25,28,35456,27
5,BM25,29,6910,6
5,BM25,30,35456,16
5,BM25,31,29704,2
5,BM25,32,7832,3
5,BM25,33,29978,6
5,BM25,34,21022,2
5,BM25,35,25233,28
5,BM25,36,35098,3
5,BM25,37,34929,2
5,BM25,38,10725,3
5,BM25,39,7832,1
5,BM25,40,6910,3
5,BM25,41,13720,9
5,BM25,42,28498,1
5,BM25,43,35098,17
5,BM25,44,7474,2
5,BM25,45,35456,28
5,BM25,46,537,44
5,BM25,47,35098,5
5,BM25,48,26969,4
5,BM25,49,32482,1
4,BM25,0,29365,1
4,BM25,1,42549,4
4,BM25,2,42549,18
4,BM25,3,29365,2
4,BM25,4,42549,3
4,BM25,5,20182,2
4,BM25,6,18442,1
4,BM25,7,519,1
4,BM25,8,20182,1
4,BM25,9,519,2
4,BM25,10,33833,6
4,BM25,11,33833,7
4,BM25,12,42549,20
4,BM25,13,42549,17
4,BM25,14,38038,1
4,BM25,15,20182,12
4,BM25,16,3464,1
4,BM25,17,33833,4
4,BM25,18,33833,1
4,BM25,19,20182,7
4,BM25,20,519,5
4,BM25,21,42549,8
4,BM25,22,29365,5
4,BM25,23,7807,3
4,BM25,24,20182,4
4,BM25,25,29365,10
4,BM25,26,36962,5
4,BM25,27,42703,3
4,BM25,28,33833,2
4,BM25,29,33833,3
4,BM25,30,20182,5
4,BM25,31,24511,25
4,BM25,32,24511,25
4,BM25,33,36962,2
4,BM25,34,42549,7
4,BM25,35,20182,6
4,BM25,36,42703,1
4,BM25,37,42549,1
4,BM25,38,42549,2
4,BM25,39,20182,3
4,BM25,40,42549,19
4,BM25,41,36962,4
4,BM25,42,519,3
4,BM25,43,42703,6
4,BM25,44,42549,6
4,BM25,45,3464,4
4,BM25,46,4425,25
4,BM25,47,4425,32
4,BM25,48,42549,24
4,BM25,49,25104,8
14,BM25,0,24856,4
14,BM25,1,12748,1
14,BM25,2,13624,4
14,BM25,3,13624,4
14,BM25,4,13624,4
14,BM25,5,37315,3
14,BM25,6,10526,20
14,BM25,7,105,15
14,BM25,8,10684,10
14,BM25,9,12591,1
14,BM25,10,38841,5
14,BM25,11,26902,4
14,BM25,12,34819,5
14,BM25,13,27718,5
14,BM25,14,27718,2
14,BM25,15,17824,4
14,BM25,16,34756,3
14,BM25,17,25600,6
14,BM25,18,885,1
14,BM25,19,10526,17
14,BM25,20,27068,1
14,BM25,21,1364,1
14,BM25,22,10526,108
14,BM25,23,20935,2
14,BM25,24,34819,2
14,BM25,25,13624,2
14,BM25,26,13624,2
14,BM25,27,13624,2
14,BM25,28,21712,7
14,BM25,29,12748,3
14,BM25,30,32440,1
14,BM25,31,9575,6
14,BM25,32,12748,5
14,BM25,33,40078,5
14,BM25,34,21712,5
14,BM25,35,27068,4
14,BM25,36,31850,6
14,BM25,37,40325,5
14,BM25,38,13624,5
14,BM25,39,13624,5
14,BM25,40,13624,5
14,BM25,41,44381,4
14,BM25,42,37315,5
14,BM25,43,25671,9
14,BM25,44,31850,3
14,BM25,45,401,1
14,BM25,46,11794,2
14,BM25,47,10526,94
14,BM25,48,20170,6
14,BM25,49,10526,68
10,DPH,6,30183,1
13,BM25,0,15780,3
13,BM25,1,27248,1
13,BM25,2,16132,10
13,BM25,3,12043,36
13,BM25,4,24960,2
13,BM25,5,76,1
13,BM25,6,14866,3
13,BM25,7,9418,6
13,BM25,8,31934,2
13,BM25,9,25406,2
13,BM25,10,29430,4
13,BM25,11,17839,1
13,BM25,12,16903,1
13,BM25,13,36249,1
13,BM25,14,9418,1
13,BM25,15,23952,1
13,BM25,16,25406,5
13,BM25,17,36249,2
13,BM25,18,36249,4
13,BM25,19,31934,5
13,BM25,20,25406,8
13,BM25,21,36759,1
13,BM25,22,14866,1
13,BM25,23,16132,9
13,BM25,24,33106,6
13,BM25,25,40774,3
13,BM25,26,40774,4
13,BM25,27,24960,3
13,BM25,28,33106,5
13,BM25,29,25406,1
13,BM25,30,25406,4
13,BM25,31,9926,1
13,BM25,32,24960,1
13,BM25,33,37288,2
13,BM25,34,37288,1
13,BM25,35,29430,9
13,BM25,36,40774,2
13,BM25,37,1294,16
13,BM25,38,37288,3
13,BM25,39,43001,4
13,BM25,40,15780,2
13,BM25,41,34972,5
13,BM25,42,9307,18
13,BM25,43,33977,5
13,BM25,44,11221,8
13,BM25,45,11221,1
13,BM25,46,15780,4
13,BM25,47,9418,3
13,BM25,48,16626,12
13,BM25,49,11221,7
15,BM25,0,32569,4
15,BM25,1,8334,6
15,BM25,2,1203,8
15,BM25,3,31398,10
15,BM25,4,42384,1
15,BM25,5,1203,32
15,BM25,6,41457,5
15,BM25,7,42384,4
15,BM25,8,33362,1
15,BM25,9,35485,9
15,BM25,10,17204,13
15,BM25,11,19560,2
15,BM25,12,12138,2
15,BM25,13,37074,20
15,BM25,14,5325,18
15,BM25,15,12755,3
15,BM25,16,12138,5
15,BM25,17,12755,5
15,BM25,18,2239,1
15,BM25,19,27245,4
15,BM25,20,35713,2
15,BM25,21,1203,13
15,BM25,22,7862,7
15,BM25,23,40693,2
15,BM25,24,35485,1
15,BM25,25,40055,3
15,BM25,26,34716,6
15,BM25,27,1820,1
15,BM25,28,40055,4
15,BM25,29,7862,6
15,BM25,30,43677,2
15,BM25,31,28147,4
15,BM25,32,10642,32
15,BM25,33,17204,53
15,BM25,34,7862,3
15,BM25,35,41457,6
15,BM25,36,40055,5
15,BM25,37,12138,10
15,BM25,38,31398,8
15,BM25,39,370,25
15,BM25,40,41457,2
15,BM25,41,34716,4
15,BM25,42,370,33
15,BM25,43,43677,3
15,BM25,44,37084,4
15,BM25,45,41457,1
15,BM25,46,11097,2
15,BM25,47,15316,1
15,BM25,48,30715,6
15,BM25,49,1264,5
17,BM25,0,21004,1
17,BM25,1,21004,4
17,BM25,2,21004,3
17,BM25,3,38422,18
17,BM25,4,38422,2
17,BM25,5,38422,19
17,BM25,6,27822,2
17,BM25,7,39824,1
17,BM25,8,8030,4
17,BM25,9,22921,16
17,BM25,10,5236,20
17,BM25,11,3652,2
17,BM25,12,3652,9
17,BM25,13,3652,2
17,BM25,14,3652,9
17,BM25,15,24155,4
17,BM25,16,19353,2
17,BM25,17,8201,4
17,BM25,18,17595,1
17,BM25,19,19353,1
17,BM25,20,19871,1
17,BM25,21,26632,6
17,BM25,22,19871,2
17,BM25,23,22921,14
17,BM25,24,37493,1
17,BM25,25,21049,6
17,BM25,26,8201,8
17,BM25,27,16271,5
17,BM25,28,18095,4
17,BM25,29,5236,7
17,BM25,30,4756,8
17,BM25,31,4756,8
17,BM25,32,21142,4
17,BM25,33,19871,4
17,BM25,34,3887,14
17,BM25,35,36936,3
17,BM25,36,4756,3
17,BM25,37,22921,1
17,BM25,38,4756,3
17,BM25,39,36432,4
17,BM25,40,22921,3
17,BM25,41,5236,15
17,BM25,42,22921,18
17,BM25,43,26605,11
17,BM25,44,5236,19
17,BM25,45,40799,6
17,BM25,46,8325,1
17,BM25,47,27874,5
17,BM25,48,19871,6
17,BM25,49,20395,2
16,BM25,0,10887,6
16,BM25,1,10887,5
16,BM25,2,10887,3
16,BM25,3,10887,2
16,BM25,4,8210,25
16,BM25,5,1280,8
16,BM25,6,4439,16
16,BM25,7,1280,1
16,BM25,8,1280,9
16,BM25,9,4439,14
16,BM25,10,8210,10
16,BM25,11,22586,9
16,BM25,12,1280,4
16,BM25,13,22586,1
16,BM25,14,4439,6
16,BM25,15,37993,10
16,BM25,16,4439,10
16,BM25,17,3447,5
16,BM25,18,3447,2
16,BM25,19,2871,6
16,BM25,20,8210,7
16,BM25,21,4439,13
16,BM25,22,8210,33
16,BM25,23,42602,8
16,BM25,24,8210,9
16,BM25,25,8210,22
16,BM25,26,3447,10
16,BM25,27,3447,7
16,BM25,28,14658,1
16,BM25,29,14658,3
16,BM25,30,4439,11
16,BM25,31,37993,11
16,BM25,32,3447,8
16,BM25,33,3447,1
16,BM25,34,42602,7
16,BM25,35,4439,3
16,BM25,36,22586,5
16,BM25,37,14658,5
16,BM25,38,40559,1
16,BM25,39,37993,9
16,BM25,40,22586,11
16,BM25,41,3447,4
16,BM25,42,4439,1
16,BM25,43,4439,5
16,BM25,44,8210,21
16,BM25,45,40559,2
16,BM25,46,4439,18
16,BM25,47,19307,8
16,BM25,48,3447,6
16,BM25,49,8210,23
7,BM25,0,26789,6
7,BM25,1,26789,7
7,BM25,2,26789,3
7,BM25,3,995,8
7,BM25,4,995,9
7,BM25,5,995,10
7,BM25,6,42041,16
7,BM25,7,995,4
7,BM25,8,995,5
7,BM25,9,4194,2
7,BM25,10,4194,1
7,BM25,11,4194,8
7,BM25,12,4194,9
7,BM25,13,20895,1
7,BM25,14,4194,4
7,BM25,15,25810,3
7,BM25,16,25810,3
7,BM25,17,25810,3
7,BM25,18,4194,7
7,BM25,19,1603,5
7,BM25,20,4194,6
7,BM25,21,4194,3
7,BM25,22,4194,5
7,BM25,23,29042,6
7,BM25,24,995,1
7,BM25,25,1603,8
7,BM25,26,20582,8
7,BM25,27,995,3
7,BM25,28,20582,7
7,BM25,29,6610,1
7,BM25,30,30699,1
7,BM25,31,18898,7
7,BM25,32,24563,9
7,BM25,33,29042,10
7,BM25,34,24969,2
7,BM25,35,20582,4
7,BM25,36,995,7
7,BM25,37,24563,25
7,BM25,38,24563,41
7,BM25,39,10216,12
7,BM25,40,39228,1
7,BM25,41,24239,4
7,BM25,42,20582,3
7,BM25,43,20582,5
7,BM25,44,43683,5
7,BM25,45,7698,1
7,BM25,46,29246,3
7,BM25,47,21225,1
7,BM25,48,13118,1
7,BM25,49,13118,3
8,BM25,0,35914,15
8,BM25,1,35914,18
8,BM25,2,35914,5
8,BM25,3,35914,10
8,BM25,4,35914,6
8,BM25,5,35914,4
8,BM25,6,35914,7
8,BM25,7,20775,10
8,BM25,8,30807,25
8,BM25,9,35914,24
8,BM25,10,35914,20
8,BM25,11,35914,21
8,BM25,12,39623,9
8,BM25,13,11928,6
8,BM25,14,33553,3
8,BM25,15,24582,6
8,BM25,16,19715,13
8,BM25,17,11928,3
8,BM25,18,35914,30
8,BM25,19,33553,5
8,BM25,20,35914,16
8,BM25,21,24582,3
8,BM25,22,13303,10
8,BM25,23,35914,12
8,BM25,24,34872,8
8,BM25,25,24643,6
8,BM25,26,24643,6
8,BM25,27,24519,2
8,BM25,28,24643,6
8,BM25,29,29852,15
8,BM25,30,13815,1
8,BM25,31,1068,8
8,BM25,32,29852,2
8,BM25,33,14909,2
8,BM25,34,3224,7
8,BM25,35,9613,3
8,BM25,36,8573,20
8,BM25,37,24643,3
8,BM25,38,24643,3
8,BM25,39,26470,10
8,BM25,40,24643,3
8,BM25,41,25913,5
8,BM25,42,9261,5
8,BM25,43,25245,1
8,BM25,44,30320,8
8,BM25,45,26667,1
8,BM25,46,9613,6
8,BM25,47,37942,4
8,BM25,48,22456,5
8,BM25,49,10140,8
20,BM25,0,40525,2
20,BM25,1,40525,36
20,BM25,2,40525,32
20,BM25,3,40525,13
20,BM25,4,40525,4
20,BM25,5,40525,3
20,BM25,6,40525,21
20,BM25,7,40525,9
20,BM25,8,40525,14
20,BM25,9,40525,1
20,BM25,10,40525,11
20,BM25,11,40525,20
20,BM25,12,40525,25
20,BM25,13,40525,10
20,BM25,14,40525,33
20,BM25,15,40525,18
20,BM25,16,40525,5
20,BM25,17,40525,12
20,BM25,18,40525,30
20,BM25,19,40525,31
20,BM25,20,40525,34
20,BM25,21,40525,35
20,BM25,22,40525,7
20,BM25,23,40525,28
20,BM25,24,40525,15
20,BM25,25,40525,17
20,BM25,26,40525,19
20,BM25,27,40525,23
20,BM25,28,40525,24
20,BM25,29,40525,27
20,BM25,30,40525,6
20,BM25,31,40525,8
20,BM25,32,40525,22
20,BM25,33,40525,16
20,BM25,34,25908,2
20,BM25,35,40525,29
20,BM25,36,30506,4
20,BM25,37,25908,15
20,BM25,38,25908,12
20,BM25,39,1627,67
20,BM25,40,1627,67
20,BM25,41,1627,67
20,BM25,42,1627,62
20,BM25,43,1627,62
20,BM25,44,1627,62
20,BM25,45,25908,7
20,BM25,46,25908,11
20,BM25,47,25908,16
20,BM25,48,25908,10
20,BM25,49,19188,3
18,BM25,0,13462,1
18,BM25,1,43509,4
18,BM25,2,3246,1
18,BM25,3,37002,1
18,BM25,4,37002,2
18,BM25,5,21535,5
18,BM25,6,16193,1
18,BM25,7,39644,2
18,BM25,8,17796,2
18,BM25,9,9276,1
18,BM25,10,3416,1
18,BM25,11,11848,1
18,BM25,12,40829,1
18,BM25,13,3683,1
18,BM25,14,21535,4
18,BM25,15,31601,1
18,BM25,16,27410,4
18,BM25,17,11608,5
18,BM25,18,8173,9
18,BM25,19,13823,1
18,BM25,20,29127,1
18,BM25,21,15398,4
18,BM25,22,8173,53
18,BM25,23,32721,2
18,BM25,24,17563,18
18,BM25,25,17563,3
18,BM25,26,8173,25
18,BM25,27,25854,6
18,BM25,28,17661,5
18,BM25,29,16547,6
18,BM25,30,30657,4
18,BM25,31,17028,1
18,BM25,32,8173,45
18,BM25,33,12530,1
18,BM25,34,12530,1
18,BM25,35,12530,1
18,BM25,36,13338,1
18,BM25,37,31866,4
18,BM25,38,29080,4
18,BM25,39,36008,2
18,BM25,40,15398,3
18,BM25,41,43509,1
18,BM25,42,32721,5
18,BM25,43,27410,1
18,BM25,44,17661,10
18,BM25,45,19759,6
18,BM25,46,10078,1
18,BM25,47,16193,6
18,BM25,48,21791,1
18,BM25,49,9587,1
19,BM25,0,3381,6
19,BM25,1,33099,3
19,BM25,2,24896,6
19,BM25,3,23680,2
19,BM25,4,30100,11
19,BM25,5,2260,1
19,BM25,6,24028,3
19,BM25,7,30100,34
19,BM25,8,31328,4
19,BM25,9,3381,1
19,BM25,10,15983,1
19,BM25,11,3381,4
19,BM25,12,36372,1
19,BM25,13,23837,16
19,BM25,14,20257,30
19,BM25,15,24396,20
19,BM25,16,3381,2
19,BM25,17,33828,2
19,BM25,18,35006,9
19,BM25,19,23680,1
19,BM25,20,23212,63
19,BM25,21,23680,3
19,BM25,22,24028,2
19,BM25,23,30566,24
19,BM25,24,23212,21
19,BM25,25,26554,7
19,BM25,26,36372,15
19,BM25,27,30100,4
19,BM25,28,30100,5
19,BM25,29,35006,19
19,BM25,30,31207,3
19,BM25,31,2442,3
19,BM25,32,4900,3
19,BM25,33,30100,3
19,BM25,34,30100,10
19,BM25,35,2442,5
19,BM25,36,41745,3
19,BM25,37,16589,2
19,BM25,38,30100,8
19,BM25,39,11986,4
19,BM25,40,11336,12
19,BM25,41,35006,12
19,BM25,42,5209,1
19,BM25,43,11986,1
19,BM25,44,11986,6
19,BM25,45,11986,7
19,BM25,46,40606,18
19,BM25,47,10609,5
19,BM25,48,36372,14
19,BM25,49,32054,3
9,BM25,0,24065,1
9,BM25,1,33185,4
9,BM25,2,4954,1
9,BM25,3,26941,1
9,BM25,4,24352,4
9,BM25,5,4964,6
9,BM25,6,4964,6
9,BM25,7,4964,7
9,BM25,8,4964,7
9,BM25,9,4964,12
9,BM25,10,4964,13
9,BM25,11,4964,12
9,BM25,12,4964,13
9,BM25,13,4964,8
9,BM25,14,4964,9
9,BM25,15,4964,8
9,BM25,16,4964,9
9,BM25,17,24352,3
9,BM25,18,40213,18
9,BM25,19,4964,4
9,BM25,20,4964,11
9,BM25,21,4964,14
9,BM25,22,4964,4
9,BM25,23,4964,11
9,BM25,24,4964,14
9,BM25,25,4964,3
9,BM25,26,4964,3
9,BM25,27,4964,5
9,BM25,28,4964,10
9,BM25,29,4964,5
9,BM25,30,4964,10
9,BM25,31,4964,1
9,BM25,32,4964,1
9,BM25,33,40213,17
9,BM25,34,4954,4
9,BM25,35,6310,4
9,BM25,36,3382,1
9,BM25,37,40273,4
9,BM25,38,28820,1
9,BM25,39,9551,4
9,BM25,40,21908,1
9,BM25,41,24136,2
9,BM25,42,30696,7
9,BM25,43,2381,1
9,BM25,44,33075,18
9,BM25,45,4954,3
9,BM25,46,7703,2
9,BM25,47,35902,5
9,BM25,48,2149,50
9,BM25,49,42765,1
10,DPH,7,33750,4
1,BM25,0,38713,1
1,BM25,1,29832,2
1,BM25,2,22408,1
1,BM25,3,11975,1
1,BM25,4,1602,1
1,BM25,5,18018,1
1,BM25,6,14552,1
1,BM25,7,38713,2
1,BM25,8,38713,3
1,BM25,9,22408,5
1,BM25,10,38713,5
1,BM25,11,12533,5
1,BM25,12,10637,1
1,BM25,13,10637,1
1,BM25,14,10637,1
1,BM25,15,37069,1
1,BM25,16,18018,3
1,BM25,17,5739,3
1,BM25,18,5739,3
1,BM25,19,5739,3
1,BM25,20,27832,1
1,BM25,21,43000,3
1,BM25,22,18018,2
1,BM25,23,33824,3
1,BM25,24,40873,1
1,BM25,25,11452,1
1,BM25,26,19017,5
1,BM25,27,33335,1
1,BM25,28,16012,8
1,BM25,29,6454,1
1,BM25,30,14341,1
1,BM25,31,21879,5
1,BM25,32,1602,5
1,BM25,33,13593,2
1,BM25,34,6444,5
1,BM25,35,3432,1
1,BM25,36,23541,1
1,BM25,37,14552,5
1,BM25,38,2675,2
1,BM25,39,4851,1
1,BM25,40,5291,10
1,BM25,41,26220,1
1,BM25,42,30835,3
1,BM25,43,33824,4
1,BM25,44,1615,3
1,BM25,45,40873,4
1,BM25,46,31768,6
1,BM25,47,10925,5
1,BM25,48,514,6
1,BM25,49,22408,8
3,BM25,0,33283,6
3,BM25,1,17770,2
3,BM25,2,33283,5
3,BM25,3,33283,2
3,BM25,4,4054,2
3,BM25,5,12726,1
3,BM25,6,33283,3
3,BM25,7,12726,6
3,BM25,8,12726,4
3,BM25,9,17770,3
3,BM25,10,17770,1
3,BM25,11,12726,5
3,BM25,12,42370,2
3,BM25,13,42989,3
3,BM25,14,2826,5
3,BM25,15,293,14
3,BM25,16,293,3
3,BM25,17,15856,23
3,BM25,18,35617,41
3,BM25,19,35617,47
3,BM25,20,33239,20
3,BM25,21,15836,2
3,BM25,22,37268,1
3,BM25,23,37268,2
3,BM25,24,6053,3
3,BM25,25,25692,1
3,BM25,26,19459,1
3,BM25,27,20726,10
3,BM25,28,16557,20
3,BM25,29,18422,30
3,BM25,30,29496,1
3,BM25,31,37455,4
3,BM25,32,31398,34
3,BM25,33,27623,6
3,BM25,34,16557,21
3,BM25,35,25565,1
3,BM25,36,19459,4
3,BM25,37,36555,3
3,BM25,38,16557,13
3,BM25,39,37416,1
3,BM25,40,1308,10
3,BM25,41,5281,2
3,BM25,42,26055,2
3,BM25,43,12726,3
3,BM25,44,17155,2
3,BM25,45,41840,2
3,BM25,46,13291,2
3,BM25,47,43876,2
3,BM25,48,26055,7
3,BM25,49,38036,1
2,BM25,0,7048,4
2,BM25,1,7048,7
2,BM25,2,1151,10
2,BM25,3,1151,12
2,BM25,4,1151,18
2,BM25,5,1151,11
2,BM25,6,1151,15
2,BM25,7,1151,4
2,BM25,8,1151,6
2,BM25,9,1151,3
2,BM25,10,1151,7
2,BM25,11,1151,8
2,BM25,12,1151,13
2,BM25,13,2430,1
2,BM25,14,1151,2
2,BM25,15,1151,14
2,BM25,16,1151,16
2,BM25,17,1151,17
2,BM25,18,537,5
2,BM25,19,7102,2
2,BM25,20,537,54
2,BM25,21,17295,2
2,BM25,22,63,6
2,BM25,23,43743,1
2,BM25,24,1726,4
2,BM25,25,537,53
2,BM25,26,30330,4
2,BM25,27,12167,7
2,BM25,28,1726,8
2,BM25,29,10958,5
2,BM25,30,4472,1
2,BM25,31,12167,5
2,BM25,32,7947,3
2,BM25,33,34949,126
2,BM25,34,37231,5
2,BM25,35,9936,1
2,BM25,36,9936,1
2,BM25,37,9936,1
2,BM25,38,9936,1
2,BM25,39,20583,4
2,BM25,40,33537,2
2,BM25,41,1151,47
2,BM25,42,31092,4
2,BM25,43,17344,1
2,BM25,44,5533,3
2,BM25,45,22797,7
2,BM25,46,22797,7
2,BM25,47,14667,1
2,BM25,48,40996,14
2,BM25,49,33537,5
4,DPH,0,18442,1
4,DPH,1,38038,1
4,DPH,2,33833,4
4,DPH,3,7807,3
4,DPH,4,42549,20
4,DPH,5,36962,4
4,DPH,6,42549,24
4,DPH,7,36962,3
4,DPH,8,42549,17
4,DPH,9,42703,1
4,DPH,10,3464,1
4,DPH,11,36962,2
4,DPH,12,20182,12
4,DPH,13,29365,2
4,DPH,14,29365,5
4,DPH,15,42549,19
4,DPH,16,24511,39
4,DPH,17,24511,39
4,DPH,18,42549,4
4,DPH,19,14005,2
4,DPH,20,29365,10
4,DPH,21,36962,1
4,DPH,22,29365,1
4,DPH,23,24511,25
4,DPH,24,24511,25
4,DPH,25,7807,6
4,DPH,26,42549,14
4,DPH,27,519,1
4,DPH,28,29365,8
4,DPH,29,24511,44
4,DPH,30,24511,44
4,DPH,31,24511,46
4,DPH,32,24511,46
4,DPH,33,3464,3
4,DPH,34,42549,3
4,DPH,35,18442,2
4,DPH,36,42549,21
4,DPH,37,18442,5
4,DPH,38,24511,49
4,DPH,39,24511,49
4,DPH,40,519,5
4,DPH,41,519,2
4,DPH,42,36962,5
4,DPH,43,24511,50
4,DPH,44,24511,50
4,DPH,45,38038,2
4,DPH,46,20182,8
4,DPH,47,24511,54
4,DPH,48,24511,54
4,DPH,49,29365,6
10,DPH,8,28265,3
10,DPH,9,33371,3
14,DPH,0,12591,1
14,DPH,1,12748,4
14,DPH,2,27718,5
14,DPH,3,27718,2
14,DPH,4,25600,6
14,DPH,5,34819,5
14,DPH,6,34756,3
14,DPH,7,7227,4
14,DPH,8,20935,7
14,DPH,9,10684,10
14,DPH,10,885,1
14,DPH,11,34706,6
14,DPH,12,33933,6
14,DPH,13,25671,9
14,DPH,14,37315,4
14,DPH,15,35449,3
14,DPH,16,11794,2
14,DPH,17,20935,2
14,DPH,18,17824,1
14,DPH,19,40078,1
14,DPH,20,44381,4
14,DPH,21,32178,1
14,DPH,22,12107,1
14,DPH,23,37315,3
14,DPH,24,26902,4
14,DPH,25,2743,2
14,DPH,26,3701,5
14,DPH,27,3701,9
14,DPH,28,10684,8
14,DPH,29,19853,3
14,DPH,30,12748,2
14,DPH,31,33089,1
14,DPH,32,31788,2
14,DPH,33,19580,5
14,DPH,34,12897,12
14,DPH,35,10858,4
14,DPH,36,36052,1
14,DPH,37,12748,3
14,DPH,38,13624,4
14,DPH,39,13624,4
14,DPH,40,13624,4
14,DPH,41,34706,1
14,DPH,42,16720,1
14,DPH,43,16720,1
14,DPH,44,16720,1
14,DPH,45,16720,1
14,DPH,46,16720,1
14,DPH,47,27718,4
14,DPH,48,32245,6
14,DPH,49,912,5
